# {"t_start": 1616588548.681811, "env_id": "ReacherPyBulletEnv-v0"} 
r,l,t,ereward,reward_woD
0,150,3.958951,0,0
0,150,5.903543,0,0
0,150,7.860141,0,0
0,150,9.891963,0,0
0,150,12.120763,0,0
0,150,14.476772,0,0
0,150,16.844038,0,0
0,150,19.217845,0,0
0,150,21.613176,0,0
0,150,23.995057,0,0
0,150,26.367985,0,0
0,150,28.730778,0,0
0,150,31.112206,0,0
0,150,47.520657,0,0
0,150,49.900115,0,0
0,150,52.2838,0,0
0,150,54.669091,0,0
0,150,57.046856,0,0
0,150,59.419821,0,0
0,150,61.803391,0,0
0,150,64.168006,0,0
0,150,66.545401,0,0
0,150,68.898226,0,0
0,150,71.25126,0,0
0,150,73.613821,0,0
0,150,75.987165,0,0
0,150,78.380782,0,0
0,150,94.841079,0,0
0,150,97.202156,0,0
0,150,99.566352,0,0
0,150,101.926213,0,0
0,150,104.289152,0,0
0,150,106.647926,0,0
0,150,109.049963,0,0
0,150,111.4394,0,0
0,150,113.801673,0,0
0,150,116.160379,0,0
0,150,118.514337,0,0
0,150,120.868609,0,0
0,150,123.192458,0,0
0.288062,150,139.46341,0.28806154015768115,0.28806154015768115
0,150,141.83263,0,0
0,150,144.201527,0,0
0,150,146.570827,0,0
0,150,148.932863,0,0
0,150,151.312295,0,0
0,150,153.690389,0,0
0,150,156.061506,0,0
0,150,158.408818,0,0
0,150,160.746439,0,0
0,150,163.103946,0,0
0,150,165.457134,0,0
0,150,167.812881,0,0
0,150,170.185197,0,0
0,150,186.582186,0,0
0,150,188.934791,0,0
0,150,191.302939,0,0
0,150,193.69519,0,0
0,150,196.065771,0,0
0,150,198.420267,0,0
0,150,200.79971,0,0
0,150,203.160524,0,0
1.214894,150,205.531355,1.2148942322295222,1.2148942322295222
0,150,207.899335,0,0
0,150,210.281599,0,0
0,150,212.675363,0,0
0,150,215.038736,0,0
0,150,217.416693,0,0
0,150,233.83084,0,0
0,150,236.190348,0,0
0,150,238.509101,0,0
0.129031,150,240.861025,0.12903128560936383,0.12903128560936383
0,150,243.230283,0,0
0,150,245.601866,0,0
0,150,247.973548,0,0
0,150,250.329169,0,0
0,150,252.690812,0,0
0,150,255.063119,0,0
0.289091,150,257.412683,0.28909098873796923,0.28909098873796923
0,150,259.778272,0,0
0,150,262.122199,0,0
0,150,279.026613,0,0
0,150,281.400498,0,0
0,150,283.764873,0,0
0,150,286.155865,0,0
0,150,288.540087,0,0
0,150,290.923075,0,0
0,150,293.302991,0,0
0,150,295.667986,0,0
0,150,298.010797,0,0
0,150,300.383842,0,0
0,150,302.734254,0,0
0,150,305.087981,0,0
0,150,307.443805,0,0
0,150,309.789243,0,0
0,150,326.300847,0,0
0,150,328.6809,0,0
0,150,331.042066,0,0
0,150,333.410987,0,0
0,150,335.761332,0,0
0,150,338.160108,0,0
0,150,340.540175,0,0
0,150,342.923601,0,0
0,150,345.288809,0,0
0,150,347.681777,0,0
0,150,350.066931,0,0
0,150,352.438322,0,0
0,150,354.788376,0,0
0,150,357.145534,0,0
0,150,374.532143,0,0
0,150,376.91594,0,0
0,150,379.273067,0,0
0,150,381.654032,0,0
0,150,384.009104,0,0
0.538684,150,386.389922,0.5386838085688177,0.5386838085688177
0.77687,150,388.770216,0.7768696259876369,0.7768696259876369
0,150,391.122157,0,0
0,150,393.505899,0,0
0,150,395.879865,0,0
0,150,398.233525,0,0
0,150,400.606816,0,0
0,150,402.958183,0,0
0,150,419.351541,0,0
0,150,421.724874,0,0
0,150,424.10292,0,0
0,150,426.458024,0,0
0,150,428.825144,0,0
0,150,431.193123,0,0
0,150,433.543553,0,0
0,150,435.899746,0,0
0,150,438.252379,0,0
0.310726,150,440.615868,0.31072566038221505,0.31072566038221505
0,150,442.982612,0,0
0.484708,150,445.349627,0.48470795722014304,0.48470795722014304
0,150,447.71373,0,0
0,150,450.088539,0,0
0,150,466.533577,0,0
0,150,468.89795,0,0
0,150,471.24675,0,0
0,150,473.630601,0,0
0.090822,150,475.974885,0.09082194171874425,0.09082194171874425
0,150,478.311582,0,0
0,150,480.674779,0,0
0,150,483.035082,0,0
0,150,485.383886,0,0
0,150,487.746905,0,0
0,150,490.128986,0,0
0.172411,150,492.486067,0.1724107432352907,0.1724107432352907
0,150,494.829438,0,0
0,150,497.179273,0,0
0,150,513.797817,0,0
0,150,516.148961,0,0
0,150,518.501641,0,0
0,150,520.859093,0,0
0,150,523.21394,0,0
0,150,525.580344,0,0
0,150,527.921261,0,0
0.788102,150,530.258931,0.7881024388307218,0.7881024388307218
0,150,532.599649,0,0
0,150,534.932772,0,0
0,150,537.301973,0,0
0,150,539.644605,0,0
0,150,541.989768,0,0
0,150,558.3638,0,0
0,150,560.736564,0,0
0.821051,150,563.107734,0.8210514257906024,0.8210514257906024
0,150,565.480243,0,0
0,150,567.807695,0,0
0,150,570.147691,0,0
0,150,572.504603,0,0
0,150,574.846601,0,0
0,150,577.183925,0,0
0,150,579.493782,0,0
0,150,581.829517,0,0
0,150,584.208241,0,0
0,150,586.596725,0,0
0,150,588.972951,0,0
0,150,605.426498,0,0
0,150,607.794821,0,0
0,150,610.166228,0,0
0,150,612.543045,0,0
0,150,614.884726,0,0
0,150,617.241879,0,0
0,150,619.613911,0,0
0,150,622.003343,0,0
0.044307,150,624.384726,0.04430658267737542,0.04430658267737542
0,150,626.734876,0,0
0,150,629.111896,0,0
0,150,631.480227,0,0
0,150,633.858236,0,0
0,150,636.211557,0,0
0,150,652.592378,0,0
0,150,654.940128,0,0
0,150,657.301672,0,0
0,150,659.657835,0,0
0,150,662.022905,0,0
0.485733,150,664.42144,0.48573344836155086,0.48573344836155086
0.072339,150,666.789518,0.07233905583945799,0.07233905583945799
0,150,669.144997,0,0
0.74175,150,671.554215,0.7417499974186501,0.7417499974186501
0,150,673.938823,0,0
0,150,676.314576,0,0
0,150,678.686982,0,0
0,150,681.045954,0,0
0,150,697.438062,0,0
0,150,699.800876,0,0
0,150,702.16505,0,0
0,150,704.522256,0,0
0,150,706.889596,0,0
0.580587,150,709.246906,0.5805869901051373,0.5805869901051373
0,150,711.604952,0,0
0,150,713.974593,0,0
0,150,716.329244,0,0
0,150,718.662961,0,0
0,150,721.023064,0,0
0,150,723.390917,0,0
0,150,725.744949,0,0
0,150,728.088224,0,0
0,150,744.476784,0,0
0.11101,150,746.792392,0.1110104328104089,0.1110104328104089
0,150,749.146554,0,0
0,150,751.496234,0,0
0,150,753.844148,0,0
0,150,756.17831,0,0
0,150,758.530472,0,0
0,150,760.872154,0,0
0,150,763.217284,0,0
0,150,765.600103,0,0
0,150,767.977067,0,0
0,150,770.349178,0,0
0,150,772.755579,0,0
0.184821,150,775.126277,0.18482124938492162,0.18482124938492162
0,150,791.389382,0,0
0,150,793.741259,0,0
0,150,796.078267,0,0
0,150,798.423028,0,0
0.130515,150,800.770986,0.13051455327064798,0.13051455327064798
0,150,803.120377,0,0
0,150,805.454422,0,0
0,150,807.816274,0,0
0,150,810.192391,0,0
0,150,812.570596,0,0
0,150,814.912954,0,0
0,150,817.280823,0,0
0,150,819.64485,0,0
0,150,835.971902,0,0
0,150,838.33638,0,0
0.182904,150,840.702868,0.18290403359653085,0.18290403359653085
0,150,843.087511,0,0
0,150,845.441659,0,0
0,150,847.781561,0,0
0,150,850.177555,0,0
0.156724,150,852.585955,0.15672371775267924,0.15672371775267924
0,150,854.943844,0,0
0,150,857.332975,0,0
0,150,859.69893,0,0
0.209419,150,862.071245,0.20941894118014592,0.20941894118014592
0,150,864.436776,0,0
0,150,866.790872,0,0
0,150,883.123178,0,0
0,150,885.514525,0,0
0,150,887.878444,0,0
0,150,890.24963,0,0
0,150,892.632769,0,0
0,150,894.968876,0,0
0,150,897.321141,0,0
0,150,899.683222,0,0
0,150,902.066587,0,0
0.002976,150,904.474026,0.002975661166293553,0.002975661166293553
0,150,906.831634,0,0
0.292056,150,909.182009,0.2920555849203458,0.2920555849203458
0,150,911.545722,0,0
0,150,913.926845,0,0
0,150,930.366086,0,0
0,150,932.742902,0,0
0,150,935.107219,0,0
0,150,937.4575,0,0
0,150,939.76953,0,0
0,150,942.134956,0,0
0,150,944.510455,0,0
0,150,946.894715,0,0
0,150,949.277596,0,0
0,150,951.713369,0,0
0,150,954.225432,0,0
0,150,956.752767,0,0
0,150,959.123784,0,0
0,150,975.402068,0,0
0,150,977.752448,0,0
0,150,980.087518,0,0
0,150,982.461707,0,0
0,150,984.836537,0,0
0,150,987.186302,0,0
0,150,989.551886,0,0
0,150,991.909953,0,0
0,150,994.265056,0,0
0,150,996.628216,0,0
0,150,998.993366,0,0
0,150,1001.341883,0,0
0,150,1003.668526,0,0
0,150,1006.061447,0,0
0,150,1022.454581,0,0
0.889498,150,1024.799591,0.8894977270351169,0.8894977270351169
0,150,1027.147957,0,0
0,150,1029.515056,0,0
0,150,1031.898256,0,0
0,150,1034.268049,0,0
0,150,1036.631093,0,0
0,150,1038.980584,0,0
0,150,1041.344101,0,0
0,150,1043.698016,0,0
0,150,1046.058367,0,0
0,150,1048.451531,0,0
0,150,1050.812725,0,0
0,150,1053.195406,0,0
0,150,1069.574411,0,0
0,150,1071.96536,0,0
0,150,1074.31956,0,0
0,150,1076.692074,0,0
0,150,1079.060436,0,0
0,150,1081.412523,0,0
0,150,1083.772581,0,0
0,150,1086.105092,0,0
0,150,1088.471832,0,0
0,150,1090.823646,0,0
0,150,1093.188217,0,0
0,150,1095.561963,0,0
0,150,1097.948607,0,0
0,150,1114.396901,0,0
0,150,1116.730957,0,0
0,150,1119.081505,0,0
0,150,1121.435433,0,0
0,150,1123.820081,0,0
0,150,1126.203317,0,0
0,150,1128.599721,0,0
0,150,1130.97702,0,0
0,150,1133.364192,0,0
0,150,1135.719611,0,0
0.257172,150,1138.079653,0.2571717947879245,0.2571717947879245
0,150,1140.444955,0,0
0,150,1142.812507,0,0
0,150,1145.153232,0,0
0,150,1161.547465,0,0
0,150,1163.940719,0,0
0.559559,150,1166.318327,0.55955881535682,0.55955881535682
0,150,1168.679182,0,0
0,150,1171.044703,0,0
0,150,1173.420645,0,0
0,150,1175.800805,0,0
0,150,1178.179092,0,0
0.812482,150,1180.523922,0.8124816871459957,0.8124816871459957
0.775523,150,1182.853113,0.7755231046828857,0.7755231046828857
0,150,1185.219619,0,0
0.754257,150,1187.5859,0.7542567342323755,0.7542567342323755
0.125626,150,1189.96022,0.12562605167491891,0.12562605167491891
0.228091,150,1206.280789,0.22809144116822477,0.22809144116822477
0,150,1208.640661,0,0
0,150,1211.01686,0,0
0,150,1213.382881,0,0
0,150,1215.731742,0,0
0,150,1218.08697,0,0
0,150,1220.434637,0,0
0,150,1222.783325,0,0
0,150,1225.161061,0,0
0,150,1227.534169,0,0
0.11909,150,1229.907981,0.1190895264239813,0.1190895264239813
0,150,1232.30445,0,0
0,150,1234.667479,0,0
0,150,1237.031827,0,0
0,150,1253.419708,0,0
0,150,1255.803321,0,0
0,150,1258.208611,0,0
0,150,1260.583377,0,0
0,150,1262.955644,0,0
0,150,1265.329956,0,0
0,150,1267.714971,0,0
0,150,1270.092854,0,0
0,150,1272.46823,0,0
0,150,1274.828469,0,0
0,150,1277.21383,0,0
0,150,1279.605861,0,0
0,150,1281.991444,0,0
0,150,1284.328929,0,0
0,150,1300.700804,0,0
0,150,1303.070634,0,0
0,150,1305.458479,0,0
0,150,1307.804486,0,0
0,150,1310.179949,0,0
0,150,1312.572756,0,0
0.642868,150,1314.944013,0.6428678145724959,0.6428678145724959
0,150,1317.300132,0,0
0,150,1319.664087,0,0
0,150,1322.030538,0,0
0,150,1324.429888,0,0
0,150,1326.809526,0,0
0,150,1329.182583,0,0
0,150,1345.578309,0,0
0,150,1347.946995,0,0
0,150,1350.312706,0,0
0,150,1352.66038,0,0
0,150,1355.005025,0,0
0,150,1357.378552,0,0
0,150,1359.754201,0,0
0,150,1362.147961,0,0
0,150,1364.509319,0,0
0,150,1366.853385,0,0
0,150,1369.208692,0,0
0,150,1371.567406,0,0
0,150,1373.941463,0,0
0.746212,150,1376.277658,0.746212250617431,0.746212250617431
0,150,1392.577581,0,0
0.978274,150,1394.956147,0.9782742171674422,0.9782742171674422
0,150,1397.312142,0,0
0,150,1399.649308,0,0
0.585087,150,1402.024837,0.5850874174660621,0.5850874174660621
0,150,1404.397564,0,0
0,150,1406.761183,0,0
0,150,1409.137826,0,0
0,150,1411.497838,0,0
0,150,1413.877777,0,0
0,150,1416.274457,0,0
0,150,1418.65009,0,0
0,150,1421.021533,0,0
0,150,1423.364777,0,0
0,150,1439.711198,0,0
0,150,1442.06708,0,0
0,150,1444.387382,0,0
0,150,1446.750925,0,0
0,150,1449.135557,0,0
0,150,1451.492556,0,0
0,150,1453.845866,0,0
0,150,1456.20646,0,0
0,150,1458.558132,0,0
0,150,1460.940026,0,0
0,150,1463.317798,0,0
0,150,1465.682231,0,0
0,150,1468.035427,0,0
0,150,1484.337435,0,0
0,150,1486.669314,0,0
0,150,1488.995836,0,0
0,150,1491.317751,0,0
0,150,1493.694118,0,0
0,150,1496.03841,0,0
0,150,1498.368314,0,0
0,150,1500.722684,0,0
0,150,1503.064302,0,0
0.135404,150,1505.42411,0.13540408122183867,0.13540408122183867
0,150,1507.794383,0,0
0,150,1510.168191,0,0
0,150,1512.547307,0,0
0,150,1514.865098,0,0
0,150,1531.312032,0,0
0,150,1533.675924,0,0
0.015023,150,1536.004958,0.01502257741361912,0.01502257741361912
0.323176,150,1538.364588,0.32317637162220336,0.32317637162220336
0,150,1540.714389,0,0
0,150,1543.049945,0,0
0,150,1545.386677,0,0
0,150,1547.72419,0,0
0,150,1550.094822,0,0
0,150,1552.477848,0,0
0.504509,150,1554.853024,0.5045087289293394,0.5045087289293394
0,150,1557.260964,0,0
0,150,1559.639924,0,0
0,150,1562.037848,0,0
0,150,1578.448203,0,0
0,150,1580.805538,0,0
0,150,1583.175726,0,0
0,150,1585.563803,0,0
0,150,1587.932705,0,0
0,150,1590.304888,0,0
0,150,1592.660918,0,0
0,150,1595.04346,0,0
0,150,1597.441136,0,0
0,150,1599.811812,0,0
0,150,1602.164406,0,0
0,150,1604.53717,0,0
0,150,1606.902021,0,0
0,150,1623.388717,0,0
0,150,1625.749034,0,0
0,150,1628.100496,0,0
0,150,1630.46182,0,0
0,150,1632.813574,0,0
0,150,1635.188407,0,0
0,150,1637.552361,0,0
0,150,1639.906862,0,0
0,150,1642.274399,0,0
0,150,1644.645108,0,0
0,150,1647.017136,0,0
0,150,1649.401371,0,0
0,150,1651.775441,0,0
0,150,1654.170268,0,0
0,150,1672.045959,0,0
6.407315,150,1674.420442,6.407315386471046,6.407315386471046
0,150,1676.809716,0,0
0,150,1679.18136,0,0
0,150,1681.575941,0,0
0,150,1683.944314,0,0
0,150,1686.292945,0,0
0,150,1688.645623,0,0
0,150,1691.012923,0,0
0,150,1693.354241,0,0
0,150,1695.740134,0,0
0,150,1698.136816,0,0
0,150,1700.50437,0,0
0,150,1702.881646,0,0
0,150,1719.318467,0,0
0,150,1721.670042,0,0
0,150,1724.047421,0,0
0,150,1726.429595,0,0
0,150,1728.793551,0,0
0,150,1731.147074,0,0
0,150,1733.500528,0,0
0,150,1735.847054,0,0
0,150,1738.185748,0,0
0,150,1740.535496,0,0
0,150,1742.884915,0,0
0,150,1745.22182,0,0
0,150,1747.563358,0,0
0,150,1763.893874,0,0
0,150,1766.261345,0,0
0,150,1768.601035,0,0
0,150,1770.948702,0,0
0,150,1773.334224,0,0
0,150,1775.68398,0,0
0,150,1778.038998,0,0
0,150,1780.41134,0,0
0,150,1782.767079,0,0
0,150,1785.121476,0,0
0,150,1787.468071,0,0
0,150,1789.829872,0,0
0,150,1792.170263,0,0
0,150,1794.549225,0,0
0,150,1810.797379,0,0
0,150,1813.150972,0,0
0,150,1815.510737,0,0
0,150,1817.884784,0,0
0,150,1820.260137,0,0
0.762267,150,1822.609016,0.7622669229994457,0.7622669229994457
0,150,1824.982352,0,0
0,150,1827.348564,0,0
0,150,1829.714301,0,0
0,150,1832.078892,0,0
0,150,1834.457207,0,0
0,150,1836.829992,0,0
0,150,1839.176017,0,0
0,150,1841.532035,0,0
1.889162,150,1859.810701,1.8891617602967223,1.8891617602967223
0,150,1862.197965,0,0
0,150,1864.548274,0,0
0,150,1866.900283,0,0
0,150,1869.273502,0,0
0,150,1871.654886,0,0
0,150,1874.02432,0,0
0,150,1876.401114,0,0
0,150,1878.754487,0,0
0,150,1881.113067,0,0
0.45325,150,1883.47134,0.4532501614618313,0.4532501614618313
0,150,1885.82247,0,0
0.887686,150,1888.161719,0.8876863825914186,0.8876863825914186
0,150,1906.342062,0,0
0.063341,150,1908.705567,0.06334146319749434,0.06334146319749434
0,150,1911.049027,0,0
0.084579,150,1913.420808,0.08457888689674997,0.08457888689674997
0,150,1915.758663,0,0
0,150,1918.127064,0,0
0,150,1920.495354,0,0
0,150,1922.856683,0,0
0,150,1925.227463,0,0
0,150,1927.601304,0,0
0,150,1929.96764,0,0
0,150,1932.336357,0,0
0,150,1934.706972,0,0
0,150,1937.069035,0,0
0,150,1953.455996,0,0
0,150,1955.840879,0,0
0,150,1958.224497,0,0
0,150,1960.626311,0,0
0,150,1962.997458,0,0
0.911328,150,1965.35865,0.9113278183307439,0.9113278183307439
0,150,1967.702123,0,0
0.92534,150,1970.041943,0.9253404344263509,0.9253404344263509
0,150,1972.405433,0,0
0,150,1974.764074,0,0
0,150,1977.147362,0,0
0.057575,150,1979.515407,0.05757498854422827,0.05757498854422827
0,150,1981.900789,0,0
0.234511,150,1984.275325,0.23451113650495037,0.23451113650495037
0,150,2000.661162,0,0
0,150,2003.057828,0,0
0,150,2005.415881,0,0
0,150,2007.784305,0,0
0.382821,150,2010.161377,0.38282133212009595,0.38282133212009595
0,150,2012.559053,0,0
0,150,2014.932904,0,0
0,150,2017.322067,0,0
0,150,2019.68801,0,0
0,150,2022.078715,0,0
0,150,2024.469372,0,0
0,150,2026.840365,0,0
0,150,2029.219299,0,0
0,150,2045.527848,0,0
0,150,2047.885461,0,0
0,150,2050.254413,0,0
0,150,2052.605247,0,0
0.043502,150,2054.961538,0.0435018971130583,0.0435018971130583
0,150,2057.309156,0,0
0,150,2059.664366,0,0
0,150,2062.024811,0,0
0,150,2064.375875,0,0
0,150,2066.71475,0,0
0.064867,150,2069.093827,0.06486733142295942,0.06486733142295942
0,150,2071.44818,0,0
0,150,2073.796534,0,0
0,150,2076.141456,0,0
0,150,2092.493917,0,0
0,150,2094.848991,0,0
0,150,2097.218711,0,0
0,150,2099.58682,0,0
0,150,2101.972493,0,0
0,150,2104.331562,0,0
0,150,2106.705849,0,0
0,150,2109.073501,0,0
0,150,2111.442238,0,0
0,150,2113.838645,0,0
0,150,2116.202669,0,0
0,150,2118.571883,0,0
0,150,2120.936682,0,0
0,150,2123.300489,0,0
0,150,2139.62167,0,0
0,150,2141.979527,0,0
0,150,2144.350857,0,0
0,150,2146.735711,0,0
0,150,2149.112542,0,0
0,150,2151.485889,0,0
0,150,2153.864307,0,0
0,150,2156.252698,0,0
0,150,2158.64056,0,0
0,150,2161.010974,0,0
0,150,2163.412416,0,0
0,150,2165.784782,0,0
0,150,2168.120429,0,0
0,150,2184.471065,0,0
0,150,2186.818591,0,0
0,150,2189.171913,0,0
0,150,2191.499996,0,0
0,150,2193.840655,0,0
0,150,2196.180458,0,0
0,150,2198.543695,0,0
0,150,2200.912472,0,0
0,150,2203.256998,0,0
0,150,2205.634194,0,0
0,150,2208.009715,0,0
0,150,2210.388998,0,0
0,150,2212.77133,0,0
0,150,2215.127278,0,0
0,150,2233.406952,0,0
1.09897,150,2235.785709,1.0989704914789318,1.0989704914789318
0,150,2238.170507,0,0
0,150,2240.545533,0,0
0,150,2242.929142,0,0
0,150,2245.302863,0,0
0,150,2247.67539,0,0
0,150,2250.022868,0,0
0,150,2252.407106,0,0
0,150,2254.794395,0,0
0,150,2257.17425,0,0
0,150,2259.52246,0,0
0,150,2261.895053,0,0
0,150,2264.256309,0,0
0,150,2280.569339,0,0
0.008325,150,2282.933136,0.00832537608832995,0.00832537608832995
0,150,2285.299131,0,0
0,150,2287.640838,0,0
0,150,2289.979821,0,0
0,150,2292.323365,0,0
0,150,2294.663694,0,0
0,150,2297.023603,0,0
0,150,2299.362425,0,0
0,150,2301.70381,0,0
0,150,2304.072243,0,0
0,150,2306.436588,0,0
0,150,2308.805959,0,0
0,150,2325.080099,0,0
0,150,2327.434796,0,0
0.006862,150,2329.807568,0.006862283493061838,0.006862283493061838
0,150,2332.141653,0,0
0,150,2334.487719,0,0
0,150,2336.838261,0,0
0,150,2339.205351,0,0
0,150,2341.545575,0,0
0,150,2343.885823,0,0
0,150,2346.242088,0,0
0,150,2348.584553,0,0
0,150,2350.935539,0,0
0,150,2353.283849,0,0
0,150,2355.640729,0,0
0,150,2371.984978,0,0
0,150,2374.316169,0,0
0,150,2376.658001,0,0
0,150,2378.987848,0,0
0,150,2381.353087,0,0
0,150,2383.691639,0,0
0.01134,150,2386.043491,0.011339670827323678,0.011339670827323678
0,150,2388.397685,0,0
0,150,2390.758731,0,0
0,150,2393.151279,0,0
0,150,2395.50078,0,0
0,150,2397.869403,0,0
0,150,2400.241568,0,0
0,150,2416.625667,0,0
0,150,2419.015726,0,0
0,150,2421.383877,0,0
0,150,2423.733554,0,0
0,150,2426.087192,0,0
0,150,2428.471314,0,0
0,150,2430.847104,0,0
0,150,2433.228223,0,0
0,150,2435.581258,0,0
0,150,2437.942793,0,0
0,150,2440.300471,0,0
0.359531,150,2442.674755,0.35953087279068385,0.35953087279068385
0,150,2445.053947,0,0
0,150,2447.410044,0,0
0.236134,150,2463.76452,0.2361338662105238,0.2361338662105238
0,150,2466.147396,0,0
0.4326,150,2468.509846,0.4326003711412305,0.4326003711412305
0,150,2470.853502,0,0
0,150,2473.194047,0,0
0,150,2475.54705,0,0
0,150,2477.891888,0,0
0,150,2480.266651,0,0
0,150,2482.600171,0,0
0,150,2484.954484,0,0
0,150,2487.29986,0,0
1.028452,150,2489.648772,1.0284524510396285,1.0284524510396285
0,150,2491.98565,0,0
0,150,2494.338801,0,0
0,150,2510.729976,0,0
0.453665,150,2513.086561,0.4536649666884759,0.4536649666884759
0,150,2515.454051,0,0
0,150,2517.799094,0,0
0,150,2520.187538,0,0
0,150,2522.536726,0,0
0,150,2524.902644,0,0
0,150,2527.253251,0,0
0,150,2529.607256,0,0
0.300626,150,2531.981598,0.300626443974369,0.300626443974369
0,150,2534.35652,0,0
0,150,2536.694692,0,0
0,150,2539.068075,0,0
0,150,2555.417734,0,0
0,150,2557.790632,0,0
0,150,2560.14161,0,0
0,150,2562.530045,0,0
0,150,2564.907635,0,0
0,150,2567.28464,0,0
0,150,2569.66264,0,0
0.387069,150,2572.003633,0.38706854124845824,0.38706854124845824
0,150,2574.353132,0,0
0,150,2576.720956,0,0
0,150,2579.04749,0,0
0,150,2581.42451,0,0
0,150,2583.781603,0,0
0,150,2586.146207,0,0
0,150,2602.644045,0,0
0,150,2605.017779,0,0
0,150,2607.367177,0,0
0,150,2609.723684,0,0
0,150,2612.080959,0,0
0,150,2614.450237,0,0
0,150,2616.803661,0,0
0,150,2619.159807,0,0
0,150,2621.542682,0,0
0,150,2623.90848,0,0
0,150,2626.281731,0,0
0.297075,150,2628.632466,0.29707485005054735,0.29707485005054735
0,150,2631.0172,0,0
0,150,2633.385451,0,0
0,150,2649.653363,0,0
0,150,2652.011686,0,0
0,150,2654.376347,0,0
0,150,2656.755738,0,0
0,150,2659.128207,0,0
0,150,2661.494847,0,0
2.351175,150,2663.857929,2.3511745220998606,2.3511745220998606
0,150,2666.234399,0,0
0,150,2668.604904,0,0
0,150,2670.968774,0,0
0,150,2673.344359,0,0
0,150,2675.71483,0,0
0,150,2678.085344,0,0
0,150,2694.592538,0,0
0,150,2697.012862,0,0
0,150,2699.382368,0,0
0,150,2701.778507,0,0
0,150,2704.161984,0,0
0,150,2706.530825,0,0
0,150,2708.890697,0,0
0,150,2711.262881,0,0
0,150,2713.630991,0,0
0.848677,150,2715.972743,0.8486771691297806,0.8486771691297806
0,150,2718.316085,0,0
0,150,2720.674843,0,0
0,150,2723.046106,0,0
0.30566,150,2725.415182,0.3056597621466002,0.3056597621466002
0,150,2742.792896,0,0
0,150,2745.146459,0,0
0,150,2747.475776,0,0
0,150,2749.842399,0,0
0,150,2752.281239,0,0
0,150,2754.737309,0,0
0,150,2757.265165,0,0
0,150,2759.701688,0,0
0,150,2762.085471,0,0
0,150,2764.472008,0,0
0,150,2766.829419,0,0
0,150,2769.238625,0,0
0.453104,150,2771.608151,0.4531039015157494,0.4531039015157494
0,150,2773.972065,0,0
0.549698,150,2790.330667,0.5496981722585014,0.5496981722585014
0,150,2792.712719,0,0
0,150,2795.074078,0,0
0,150,2797.431182,0,0
0.856353,150,2799.791648,0.8563526498541442,0.8563526498541442
0,150,2802.168795,0,0
0,150,2804.54817,0,0
0,150,2806.911241,0,0
0,150,2809.277468,0,0
0,150,2811.648718,0,0
0,150,2814.048547,0,0
0,150,2816.430408,0,0
0,150,2818.7811,0,0
0,150,2835.138897,0,0
0,150,2837.503311,0,0
0,150,2839.868942,0,0
0,150,2842.243763,0,0
0,150,2844.623152,0,0
0,150,2847.003657,0,0
0.150507,150,2849.357671,0.15050686142559222,0.15050686142559222
0,150,2851.680154,0,0
0,150,2854.056602,0,0
0,150,2856.401572,0,0
0,150,2858.774815,0,0
0,150,2861.148577,0,0
0,150,2863.532368,0,0
0,150,2865.920403,0,0
0,150,2882.262854,0,0
0,150,2884.619081,0,0
6.533295,150,2886.978481,6.533295035779638,6.533295035779638
0,150,2889.335909,0,0
0,150,2891.675912,0,0
0,150,2894.028257,0,0
0.218715,150,2896.369731,0.21871491084921624,0.21871491084921624
0,150,2898.715949,0,0
0,150,2901.043053,0,0
0,150,2903.388503,0,0
0,150,2905.72272,0,0
0,150,2908.074156,0,0
0,150,2910.453828,0,0
0,150,2912.844013,0,0
0,150,2929.238113,0,0
0,150,2931.580469,0,0
0,150,2933.966748,0,0
0,150,2936.333926,0,0
0,150,2938.710028,0,0
0,150,2941.093089,0,0
0,150,2943.468462,0,0
0,150,2945.829351,0,0
0,150,2948.203019,0,0
0.740199,150,2950.581227,0.7401987950794153,0.7401987950794153
0,150,2952.933029,0,0
0,150,2955.272154,0,0
0,150,2957.609208,0,0
0,150,2976.090879,0,0
0,150,2978.478598,0,0
0,150,2980.851786,0,0
0,150,2983.216008,0,0
0,150,2985.569657,0,0
0,150,2987.94007,0,0
0.5792,150,2990.305337,0.5791996557097587,0.5791996557097587
0.557689,150,2992.682618,0.5576886600030134,0.5576886600030134
0,150,2995.041871,0,0
0,150,2997.429877,0,0
0,150,2999.794867,0,0
1.589975,150,3002.171641,1.5899750317282972,1.5899750317282972
3.739868,150,3004.532871,3.739868199650214,3.739868199650214
0,150,3006.905837,0,0
0,150,3023.327194,0,0
0,150,3025.677436,0,0
2.190584,150,3028.016467,2.1905844889258272,2.1905844889258272
0.301715,150,3030.370247,0.30171486647249157,0.30171486647249157
0,150,3032.713866,0,0
0,150,3035.062134,0,0
0.151158,150,3037.409102,0.15115816368043322,0.15115816368043322
0.386845,150,3039.761146,0.38684524292564604,0.38684524292564604
0,150,3042.137606,0,0
0,150,3044.478926,0,0
0,150,3046.82579,0,0
0,150,3049.177051,0,0
0,150,3051.545361,0,0
0,150,3053.929082,0,0
0.35532,150,3070.230784,0.35531964505603,0.35531964505603
0,150,3072.623403,0,0
0,150,3074.96076,0,0
0,150,3077.32862,0,0
0,150,3079.643557,0,0
0,150,3081.977466,0,0
0,150,3084.344583,0,0
0,150,3086.707535,0,0
0,150,3089.08743,0,0
0,150,3091.443507,0,0
0,150,3093.817588,0,0
0,150,3096.201421,0,0
0,150,3098.554992,0,0
0,150,3114.947966,0,0
0,150,3117.334689,0,0
0,150,3119.710771,0,0
0.054943,150,3122.056211,0.05494344948343599,0.05494344948343599
0,150,3124.440219,0,0
0,150,3126.805098,0,0
0,150,3129.152086,0,0
0,150,3131.522142,0,0
0,150,3133.890959,0,0
0.179256,150,3136.234336,0.17925589988438506,0.17925589988438506
0,150,3138.5963,0,0
0,150,3140.930702,0,0
0.255954,150,3143.259624,0.2559541127558762,0.2559541127558762
0,150,3145.575758,0,0
0,150,3161.896124,0,0
0.316065,150,3164.230871,0.3160650567848189,0.3160650567848189
0,150,3166.600865,0,0
0,150,3168.959896,0,0
0,150,3171.316139,0,0
0,150,3173.712888,0,0
0,150,3176.064249,0,0
0.525962,150,3178.433613,0.5259615875056937,0.5259615875056937
0,150,3180.809248,0,0
0,150,3183.172883,0,0
0,150,3185.518296,0,0
0,150,3187.883483,0,0
0,150,3190.232264,0,0
0,150,3192.574844,0,0
1.861811,150,3208.998209,1.861810752025209,1.861810752025209
0,150,3211.346651,0,0
0.518815,150,3213.696567,0.5188150246196757,0.5188150246196757
0,150,3216.056147,0,0
0,150,3218.407063,0,0
0,150,3220.781245,0,0
0,150,3223.124898,0,0
0,150,3225.461957,0,0
0,150,3227.796834,0,0
0.931946,150,3230.144522,0.9319455948288311,0.9319455948288311
0,150,3232.502842,0,0
0,150,3234.849733,0,0
0.563285,150,3237.188149,0.5632852023708643,0.5632852023708643
0,150,3253.588996,0,0
0,150,3255.950256,0,0
0,150,3258.305893,0,0
0,150,3260.668402,0,0
0,150,3263.032492,0,0
0,150,3265.391301,0,0
0,150,3267.764111,0,0
0,150,3270.13962,0,0
0,150,3272.500339,0,0
0,150,3274.854681,0,0
0,150,3277.243515,0,0
0,150,3279.591748,0,0
0,150,3281.940535,0,0
0,150,3284.275256,0,0
0,150,3300.557941,0,0
0,150,3302.910307,0,0
0,150,3305.243937,0,0
0,150,3307.571952,0,0
0,150,3309.908282,0,0
0,150,3312.261336,0,0
0,150,3314.622024,0,0
2.259915,150,3316.950301,2.2599149903935998,2.2599149903935998
0,150,3319.287759,0,0
1.725068,150,3321.63503,1.7250681182169356,1.7250681182169356
0,150,3323.985302,0,0
0.053012,150,3326.319201,0.053012114312964154,0.053012114312964154
0,150,3328.645173,0,0
0.293195,150,3330.982313,0.29319485555163183,0.29319485555163183
0,150,3347.272178,0,0
0,150,3349.631852,0,0
0,150,3351.990837,0,0
0,150,3354.35462,0,0
0,150,3356.717647,0,0
0.802772,150,3359.073354,0.8027717885523055,0.8027717885523055
0,150,3361.45194,0,0
0,150,3363.81422,0,0
0,150,3366.164459,0,0
0,150,3368.521829,0,0
0,150,3370.836268,0,0
0,150,3373.182678,0,0
0,150,3375.525017,0,0
0,150,3391.9074,0,0
0,150,3394.265101,0,0
0,150,3396.615207,0,0
0,150,3398.929634,0,0
0,150,3401.259534,0,0
0,150,3403.605537,0,0
0,150,3405.968908,0,0
0,150,3408.334214,0,0
0,150,3410.706868,0,0
0,150,3413.072628,0,0
0,150,3415.428818,0,0
0,150,3417.790766,0,0
0,150,3420.134897,0,0
0,150,3422.480675,0,0
0.492065,150,3439.988462,0.49206487001677435,0.49206487001677435
0,150,3442.341643,0,0
0,150,3444.705298,0,0
0,150,3447.061224,0,0
0,150,3449.437905,0,0
0,150,3451.806548,0,0
0,150,3454.16962,0,0
0,150,3456.540143,0,0
0,150,3458.911723,0,0
0,150,3461.252342,0,0
0,150,3463.604346,0,0
0.465184,150,3465.963452,0.46518350296311395,0.46518350296311395
0,150,3468.328377,0,0
1.695358,150,3470.676813,1.6953579475471585,1.6953579475471585
0,150,3486.967911,0,0
0,150,3489.330656,0,0
0,150,3491.640573,0,0
0,150,3493.991039,0,0
0,150,3496.335515,0,0
0,150,3498.691451,0,0
0,150,3501.03741,0,0
0,150,3503.378577,0,0
0,150,3505.729002,0,0
0,150,3508.036907,0,0
0,150,3510.348325,0,0
0,150,3512.671646,0,0
0,150,3515.004064,0,0
0,150,3531.3839,0,0
0,150,3533.737614,0,0
0,150,3536.0951,0,0
0,150,3538.481559,0,0
0,150,3540.826145,0,0
0,150,3543.174857,0,0
0,150,3545.508186,0,0
0.454729,150,3547.830578,0.45472922374537295,0.45472922374537295
0,150,3550.187531,0,0
0,150,3552.549925,0,0
0,150,3554.9165,0,0
0,150,3557.299797,0,0
0,150,3559.65004,0,0
0,150,3562.025186,0,0
0,150,3578.395986,0,0
0,150,3580.769917,0,0
0,150,3583.1118,0,0
0,150,3585.450209,0,0
2.24116,150,3587.746336,2.2411599267923843,2.2411599267923843
0.02672,150,3590.098094,0.02671982299253972,0.02671982299253972
0,150,3592.449926,0,0
0,150,3594.821493,0,0
0,150,3597.214463,0,0
0,150,3599.603841,0,0
0,150,3601.992754,0,0
0,150,3604.351352,0,0
0,150,3606.717872,0,0
0,150,3625.279548,0,0
0,150,3627.638486,0,0
0,150,3629.988555,0,0
0,150,3632.309031,0,0
0,150,3634.670421,0,0
0.3882,150,3637.041755,0.38820011942228017,0.38820011942228017
0,150,3639.402241,0,0
0.938711,150,3641.747505,0.9387108566712127,0.9387108566712127
0,150,3644.100928,0,0
0,150,3646.453625,0,0
0,150,3648.805917,0,0
0,150,3651.132141,0,0
0,150,3653.470822,0,0
0,150,3655.811632,0,0
0,150,3672.14276,0,0
0,150,3674.518947,0,0
0,150,3676.899727,0,0
0,150,3679.27537,0,0
0,150,3681.65042,0,0
0,150,3684.008081,0,0
0,150,3686.384535,0,0
0,150,3688.739739,0,0
0,150,3691.067439,0,0
0,150,3693.397248,0,0
0,150,3695.749469,0,0
0,150,3698.081461,0,0
2.230232,150,3700.445581,2.230232203893056,2.230232203893056
0,150,3702.78054,0,0
0,150,3719.226657,0,0
0,150,3721.61624,0,0
0,150,3723.994073,0,0
1.246218,150,3726.340035,1.246217601084758,1.246217601084758
0,150,3728.699397,0,0
0,150,3731.073697,0,0
0,150,3733.452335,0,0
0,150,3735.818367,0,0
0.050189,150,3738.211506,0.050189282085445264,0.050189282085445264
0,150,3740.59808,0,0
0,150,3742.968749,0,0
0,150,3745.396016,0,0
0,150,3747.771831,0,0
0,150,3764.147147,0,0
0,150,3766.544518,0,0
0,150,3768.919355,0,0
0,150,3771.301952,0,0
0,150,3773.662383,0,0
0,150,3776.011091,0,0
0,150,3778.375148,0,0
0,150,3780.751598,0,0
0,150,3783.126947,0,0
1.311422,150,3785.501431,1.31142180182083,1.31142180182083
0,150,3787.841834,0,0
0,150,3790.215263,0,0
0,150,3792.57353,0,0
0,150,3794.916904,0,0
0,150,3811.16543,0,0
0.508529,150,3813.534173,0.5085285998694666,0.5085285998694666
0,150,3815.912805,0,0
0,150,3818.272207,0,0
0,150,3820.631972,0,0
0,150,3822.988526,0,0
0,150,3825.339984,0,0
0,150,3827.680543,0,0
0,150,3830.011027,0,0
0,150,3832.377019,0,0
0,150,3834.728933,0,0
0,150,3837.080409,0,0
0,150,3839.416921,0,0
1.260957,150,3841.785692,1.2609567933397057,1.2609567933397057
0,150,3858.174559,0,0
0,150,3860.526216,0,0
0,150,3862.882469,0,0
0,150,3865.238246,0,0
0,150,3867.557954,0,0
0,150,3869.910866,0,0
0,150,3872.28822,0,0
0.495361,150,3874.663733,0.4953608190162152,0.4953608190162152
2.087206,150,3877.03241,2.087205813674812,2.087205813674812
0,150,3879.38471,0,0
0,150,3881.727943,0,0
0,150,3884.040347,0,0
0,150,3886.417569,0,0
0,150,3902.802792,0,0
0,150,3905.168425,0,0
0,150,3907.50523,0,0
0,150,3909.867078,0,0
0,150,3912.217174,0,0
0,150,3914.560008,0,0
0,150,3916.934835,0,0
0,150,3919.252184,0,0
0,150,3921.594397,0,0
0,150,3923.937653,0,0
0,150,3926.305072,0,0
0,150,3928.663643,0,0
0,150,3931.00869,0,0
0.512719,150,3933.399902,0.5127190350417625,0.5127190350417625
0,150,3949.76549,0,0
0,150,3952.122993,0,0
0,150,3954.48538,0,0
0,150,3956.839605,0,0
0,150,3959.193054,0,0
0,150,3961.572932,0,0
0,150,3963.915721,0,0
2.988873,150,3966.250926,2.9888728737330217,2.9888728737330217
0,150,3968.601239,0,0
0,150,3970.930809,0,0
0,150,3973.281851,0,0
0,150,3975.643929,0,0
0,150,3978.007956,0,0
0,150,3980.369707,0,0
0,150,3996.691489,0,0
0,150,3999.040386,0,0
0,150,4001.396642,0,0
0,150,4003.753586,0,0
0,150,4006.079953,0,0
0,150,4008.4214,0,0
0,150,4010.79263,0,0
0,150,4013.142461,0,0
0,150,4015.48889,0,0
0.97554,150,4017.867473,0.9755402059575264,0.9755402059575264
0,150,4020.207572,0,0
0,150,4022.565434,0,0
0,150,4024.942383,0,0
0,150,4041.235261,0,0
0,150,4043.575541,0,0
0,150,4045.933175,0,0
0,150,4048.307119,0,0
0,150,4050.668118,0,0
0,150,4053.016062,0,0
0,150,4055.362567,0,0
0,150,4057.707464,0,0
0,150,4060.036295,0,0
0,150,4062.373216,0,0
0,150,4064.699055,0,0
0,150,4067.014879,0,0
0,150,4069.331326,0,0
0,150,4071.669648,0,0
0.453884,150,4088.045824,0.4538842619424769,0.4538842619424769
3.161393,150,4090.408829,3.1613933090657085,3.1613933090657085
0,150,4092.761198,0,0
0,150,4095.099706,0,0
0,150,4097.457214,0,0
0,150,4099.801313,0,0
0,150,4102.145959,0,0
1.179633,150,4104.508446,1.179632533422644,1.179632533422644
0,150,4106.848938,0,0
0,150,4109.189266,0,0
0,150,4111.528174,0,0
0,150,4113.899317,0,0
0,150,4116.270128,0,0
0.639937,150,4118.641845,0.6399370580576415,0.6399370580576415
0,150,4134.997906,0,0
0,150,4137.33052,0,0
0,150,4139.663507,0,0
0,150,4142.014344,0,0
0,150,4144.369106,0,0
0,150,4146.727341,0,0
0,150,4149.102849,0,0
0.441316,150,4151.463141,0.44131607779180726,0.44131607779180726
0,150,4153.858158,0,0
0,150,4156.227208,0,0
0,150,4158.59746,0,0
0,150,4160.936367,0,0
0,150,4163.267359,0,0
0,150,4179.501987,0,0
0,150,4181.880293,0,0
0.506901,150,4184.244877,0.5069012836385254,0.5069012836385254
0,150,4186.616183,0,0
0,150,4189.019516,0,0
7.736856,150,4191.3922,7.736855686770468,7.736855686770468
0,150,4193.75677,0,0
10.673958,150,4196.12927,10.673957646258676,10.673957646258676
0,150,4198.493926,0,0
0,150,4200.868667,0,0
0,150,4203.226374,0,0
0,150,4205.594239,0,0
0,150,4207.998736,0,0
0,150,4210.373406,0,0
0.943433,150,4226.881981,0.9434334823896865,0.9434334823896865
0,150,4229.204548,0,0
0,150,4231.543093,0,0
0,150,4233.882349,0,0
0,150,4236.217039,0,0
0,150,4238.558507,0,0
0,150,4240.880698,0,0
0.598966,150,4243.227204,0.5989663907531438,0.5989663907531438
0.03602,150,4245.557121,0.03602025638586992,0.03602025638586992
0,150,4247.885746,0,0
0.006237,150,4250.228227,0.006237357020970613,0.006237357020970613
0,150,4252.57137,0,0
0,150,4254.896555,0,0
0,150,4257.241784,0,0
0,150,4273.476521,0,0
0,150,4275.795467,0,0
0,150,4278.150694,0,0
0,150,4280.521215,0,0
0,150,4282.870489,0,0
0,150,4285.240204,0,0
0.717057,150,4287.588521,0.7170573082163098,0.7170573082163098
0,150,4289.947353,0,0
0.954079,150,4292.324363,0.9540785285721434,0.9540785285721434
1.345216,150,4294.716187,1.345216185723888,1.345216185723888
0,150,4297.101269,0,0
0,150,4299.467904,0,0
0.248217,150,4301.805126,0.24821712886419822,0.24821712886419822
0,150,4318.250631,0,0
0,150,4320.565906,0,0
0,150,4322.902518,0,0
0,150,4325.26012,0,0
0,150,4327.606435,0,0
0,150,4329.983184,0,0
0,150,4332.33516,0,0
0,150,4334.681465,0,0
0,150,4337.028484,0,0
0,150,4339.350898,0,0
0,150,4341.640132,0,0
0,150,4343.980047,0,0
0,150,4346.323031,0,0
0,150,4348.661278,0,0
0,150,4364.97447,0,0
0,150,4367.33549,0,0
6.03742,150,4369.682751,6.037419609269766,6.037419609269766
3.449324,150,4372.019544,3.449324313198982,3.449324313198982
7.802152,150,4374.36933,7.802152264459849,7.802152264459849
0,150,4376.713526,0,0
0,150,4379.075193,0,0
0,150,4381.463298,0,0
0,150,4383.820673,0,0
0,150,4386.17144,0,0
0,150,4388.495861,0,0
0,150,4390.856653,0,0
0,150,4393.214572,0,0
2.856207,150,4395.572366,2.8562074756383096,2.8562074756383096
0,150,4412.001702,0,0
2.50693,150,4414.373842,2.506930354377529,2.506930354377529
0,150,4416.725545,0,0
0,150,4419.069832,0,0
0,150,4421.408901,0,0
0,150,4423.767506,0,0
0,150,4426.133432,0,0
0.373638,150,4428.500405,0.37363847539372985,0.37363847539372985
0,150,4430.848106,0,0
0,150,4433.205939,0,0
0,150,4435.571699,0,0
0,150,4437.954055,0,0
0,150,4440.326656,0,0
0,150,4456.69859,0,0
0.365562,150,4459.04264,0.3655617916369458,0.3655617916369458
0,150,4461.395051,0,0
0,150,4463.730561,0,0
0,150,4466.118011,0,0
0,150,4468.444146,0,0
0,150,4470.81711,0,0
0,150,4473.206085,0,0
5.635107,150,4475.587549,5.635107380250515,5.635107380250515
0,150,4477.938427,0,0
0,150,4480.295949,0,0
0,150,4482.626432,0,0
0,150,4484.990746,0,0
0,150,4487.345028,0,0
0,150,4503.901687,0,0
0,150,4506.239569,0,0
0,150,4508.572567,0,0
0,150,4510.920668,0,0
4.315508,150,4513.269613,4.315507851140378,4.315507851140378
0,150,4515.603864,0,0
0.697737,150,4517.95162,0.6977371313299898,0.6977371313299898
0,150,4520.285631,0,0
0,150,4522.656024,0,0
0,150,4525.014825,0,0
18.305623,150,4527.367927,18.305623473913734,18.305623473913734
0,150,4529.738633,0,0
0,150,4532.096898,0,0
0,150,4534.436873,0,0
1.055141,150,4550.857402,1.0551405955762458,1.0551405955762458
0.756998,150,4553.351819,0.75699773955199,0.75699773955199
0.14957,150,4555.879489,0.1495776173448008,0.1495776173448008
0,150,4558.325428,0,0
0,150,4560.702884,0,0
0,150,4563.054478,0,0
0,150,4565.428931,0,0
0,150,4567.783907,0,0
0,150,4570.143836,0,0
0,150,4572.501446,0,0
0,150,4574.849925,0,0
2.416899,150,4577.209892,2.416899420775665,2.416899420775665
1.251929,150,4579.575024,1.2519286686658708,1.2519286686658708
0,150,4595.944646,0,0
0,150,4598.317919,0,0
0,150,4600.68338,0,0
0,150,4603.058761,0,0
0,150,4605.431922,0,0
0,150,4607.812577,0,0
0,150,4610.183413,0,0
0,150,4612.579949,0,0
0,150,4614.982123,0,0
0,150,4617.358718,0,0
0,150,4619.743421,0,0
0,150,4622.115716,0,0
0,150,4624.482602,0,0
0.905045,150,4626.819005,0.9050450514180229,0.9050450514180229
1.254484,150,4644.018453,1.2544838415349426,1.2544838415349426
1.920496,150,4646.350089,1.9204960873618444,1.9204960873618444
0,150,4648.673484,0,0
0,150,4650.99752,0,0
3.561968,150,4653.326312,3.561968133298004,3.561968133298004
0.162941,150,4655.706105,0.16294129245942968,0.16294129245942968
0,150,4658.074836,0,0
0,150,4660.439326,0,0
0,150,4662.813484,0,0
0,150,4665.193673,0,0
0,150,4667.56235,0,0
0,150,4669.947936,0,0
0,150,4672.319921,0,0
0,150,4688.688926,0,0
0,150,4691.014854,0,0
0.662563,150,4693.366219,0.6625634927071153,0.6625634927071153
0.876423,150,4695.719846,0.8764226983833971,0.8764226983833971
0,150,4698.088429,0,0
0.229578,150,4700.444761,0.2295782816309586,0.2295782816309586
0,150,4702.837673,0,0
0,150,4705.240558,0,0
3.849551,150,4707.609739,3.849550728774018,3.849550728774018
0,150,4709.955781,0,0
0,150,4712.308249,0,0
0,150,4714.668777,0,0
0.971577,150,4717.048738,0.9715772656732158,0.9715772656732158
0,150,4719.416384,0,0
0,150,4735.732787,0,0
4.349216,150,4738.094983,4.349215820444811,4.349215820444811
0,150,4740.46511,0,0
1.919836,150,4742.802671,1.9198361441535203,1.9198361441535203
4.542807,150,4745.160012,4.54280690102073,4.54280690102073
0,150,4747.531526,0,0
0,150,4749.889964,0,0
0,150,4752.272214,0,0
0,150,4754.629207,0,0
0,150,4757.010867,0,0
0,150,4759.368989,0,0
0,150,4761.75723,0,0
0,150,4764.129351,0,0
0,150,4766.516096,0,0
0,150,4782.941596,0,0
0.644185,150,4785.304528,0.6441846993076904,0.6441846993076904
0,150,4787.680436,0,0
0,150,4790.069128,0,0
0,150,4792.447304,0,0
0,150,4794.806467,0,0
3.984164,150,4797.154354,3.9841637667905094,3.9841637667905094
0,150,4799.535438,0,0
0,150,4801.907581,0,0
0,150,4804.273989,0,0
0,150,4806.625847,0,0
0,150,4808.980584,0,0
0,150,4811.333265,0,0
0,150,4827.616003,0,0
0,150,4829.983877,0,0
0,150,4832.334533,0,0
0,150,4834.717347,0,0
0,150,4837.11454,0,0
0.488484,150,4839.495935,0.48848362191942385,0.48848362191942385
0.876716,150,4841.866614,0.8767159281813142,0.8767159281813142
0,150,4844.242931,0,0
0,150,4846.594702,0,0
0,150,4848.960842,0,0
0,150,4851.335791,0,0
0,150,4853.696554,0,0
0,150,4856.038413,0,0
0,150,4858.387824,0,0
0,150,4874.848957,0,0
0,150,4877.193566,0,0
0,150,4879.54335,0,0
0,150,4881.908167,0,0
0,150,4884.278979,0,0
0,150,4886.639448,0,0
0,150,4889.007489,0,0
0,150,4891.351135,0,0
0,150,4893.686297,0,0
0,150,4896.017414,0,0
0,150,4898.345969,0,0
0,150,4900.692483,0,0
0,150,4903.028172,0,0
0,150,4905.361093,0,0
0,150,4921.639189,0,0
0,150,4923.990906,0,0
0,150,4926.36711,0,0
0,150,4928.731074,0,0
0,150,4931.086074,0,0
0,150,4933.457053,0,0
0,150,4935.814621,0,0
0,150,4938.180225,0,0
10.80445,150,4940.520251,10.804450237931347,10.804450237931347
0,150,4942.894114,0,0
0,150,4945.259339,0,0
0.133844,150,4947.607565,0.13384375473823695,0.13384375473823695
0,150,4949.991498,0,0
0,150,4966.317618,0,0
0,150,4968.693611,0,0
0,150,4971.073738,0,0
0,150,4973.456947,0,0
0,150,4975.824116,0,0
0,150,4978.177944,0,0
0,150,4980.527579,0,0
0,150,4982.884966,0,0
0,150,4985.226165,0,0
3.92536,150,4987.567785,3.925360372338999,3.925360372338999
0,150,4989.932295,0,0
0,150,4992.288275,0,0
0,150,4994.635332,0,0
0,150,4997.002972,0,0
0,150,5015.45111,0,0
0,150,5017.810957,0,0
0.037182,150,5020.160236,0.03718228832573478,0.03718228832573478
0,150,5022.517777,0,0
0,150,5024.880463,0,0
0,150,5027.235064,0,0
0,150,5029.609968,0,0
0,150,5031.959364,0,0
0,150,5034.320954,0,0
7.667635,150,5036.701545,7.667635299222552,7.667635299222552
3.474471,150,5039.072536,3.474471030143183,3.474471030143183
0,150,5041.427557,0,0
0,150,5043.746859,0,0
0,150,5046.113476,0,0
0,150,5062.449436,0,0
0,150,5064.807253,0,0
0.432368,150,5067.165723,0.43236811005960685,0.43236811005960685
0,150,5069.518393,0,0
0,150,5071.890169,0,0
0,150,5074.253041,0,0
0.575746,150,5076.611539,0.5757459036845332,0.5757459036845332
0,150,5078.983564,0,0
0,150,5081.33008,0,0
0,150,5083.69016,0,0
0.763086,150,5086.069296,0.7630864470562579,0.7630864470562579
0,150,5088.462595,0,0
0,150,5090.822185,0,0
0,150,5107.216681,0,0
0,150,5109.598955,0,0
0,150,5111.938322,0,0
0,150,5114.275159,0,0
0,150,5116.628253,0,0
0,150,5118.948319,0,0
0.555429,150,5121.302447,0.55542864993723,0.55542864993723
0,150,5123.655587,0,0
0,150,5126.020283,0,0
0.172412,150,5128.395224,0.17241166282555265,0.17241166282555265
0,150,5130.783857,0,0
0,150,5133.124312,0,0
0,150,5135.450645,0,0
2.33249,150,5137.820367,2.332489765336151,2.332489765336151
0,150,5154.224146,0,0
0,150,5156.571499,0,0
0,150,5158.925904,0,0
0,150,5161.285439,0,0
0,150,5163.629251,0,0
3.027483,150,5165.977429,3.027483115618668,3.027483115618668
0,150,5168.348871,0,0
0,150,5170.685463,0,0
0,150,5173.065307,0,0
0,150,5175.435455,0,0
3.122847,150,5177.812632,3.122847243438537,3.122847243438537
0,150,5180.170048,0,0
0,150,5182.553494,0,0
1.225982,150,5184.920985,1.2259816411605398,1.2259816411605398
4.965363,150,5201.343512,4.96536274458955,4.96536274458955
0,150,5203.745162,0,0
0,150,5206.108581,0,0
0,150,5208.489033,0,0
0,150,5210.850535,0,0
5.266525,150,5213.19558,5.266524501949069,5.266524501949069
0,150,5215.572417,0,0
0,150,5217.962589,0,0
0,150,5220.316143,0,0
9.900971,150,5222.679272,9.900970520046247,9.900970520046247
0,150,5225.023439,0,0
0.254156,150,5227.41394,0.25415645689816657,0.25415645689816657
0,150,5229.752035,0,0
3.352599,150,5246.125181,3.3525985105066916,3.3525985105066916
0,150,5248.498878,0,0
0,150,5250.849141,0,0
3.343438,150,5253.198617,3.343438360497373,3.343438360497373
0,150,5255.56358,0,0
0,150,5257.916634,0,0
0,150,5260.283387,0,0
0,150,5262.636397,0,0
0,150,5264.984488,0,0
0,150,5267.326674,0,0
2.993114,150,5269.684787,2.9931141256985074,2.9931141256985074
0,150,5272.040795,0,0
0,150,5274.404047,0,0
0,150,5276.734239,0,0
0.981061,150,5295.289269,0.981060683987009,0.981060683987009
0,150,5297.634837,0,0
0,150,5299.946457,0,0
0,150,5302.300522,0,0
0,150,5304.685646,0,0
0,150,5307.059577,0,0
0,150,5309.441715,0,0
0,150,5311.816724,0,0
0,150,5314.179675,0,0
0,150,5316.562168,0,0
0,150,5318.924151,0,0
0,150,5321.290751,0,0
0,150,5323.654617,0,0
1.178226,150,5326.028682,1.1782260159909383,1.1782260159909383
0,150,5342.346462,0,0
0,150,5344.71833,0,0
1.632575,150,5347.065639,1.6325748707714565,1.6325748707714565
0,150,5349.446505,0,0
0,150,5351.795728,0,0
0.584481,150,5354.149699,0.5844813832076587,0.5844813832076587
0,150,5356.493896,0,0
0,150,5358.845691,0,0
0,150,5361.197553,0,0
0,150,5363.565221,0,0
0,150,5365.925043,0,0
0,150,5368.306198,0,0
0,150,5370.657203,0,0
1.368983,150,5386.944121,1.3689834751472327,1.3689834751472327
0,150,5389.315786,0,0
0,150,5391.673508,0,0
1.867677,150,5394.03856,1.8676774697289156,1.8676774697289156
0,150,5396.39385,0,0
0,150,5398.745567,0,0
0,150,5401.108235,0,0
0,150,5403.476952,0,0
0,150,5405.836904,0,0
4.809336,150,5408.214872,4.809335834938343,4.809335834938343
0,150,5410.567307,0,0
0,150,5412.939789,0,0
0,150,5415.322283,0,0
0,150,5417.684111,0,0
4.238172,150,5436.291791,4.238172012144076,4.238172012144076
0,150,5438.643214,0,0
0,150,5441.002933,0,0
0,150,5443.345222,0,0
0,150,5445.720393,0,0
0,150,5448.089761,0,0
0,150,5450.435077,0,0
5.406073,150,5452.798659,5.406072612930096,5.406072612930096
0,150,5455.192015,0,0
0,150,5457.595711,0,0
0,150,5460.01002,0,0
0,150,5462.385334,0,0
0.043151,150,5464.756109,0.0431507441309108,0.0431507441309108
0.051481,150,5467.106878,0.05148076260134049,0.05148076260134049
0,150,5483.503842,0,0
2.914762,150,5485.851047,2.91476159621827,2.91476159621827
8.772046,150,5488.201804,8.772046279547641,8.772046279547641
0,150,5490.547653,0,0
3.566271,150,5492.922834,3.566271037953853,3.566271037953853
0,150,5495.27024,0,0
0,150,5497.622259,0,0
10.905632,150,5499.973571,10.905632421722657,10.905632421722657
0,150,5502.334834,0,0
0,150,5504.695086,0,0
2.361143,150,5507.030576,2.3611426813528804,2.3611426813528804
0,150,5509.404984,0,0
0,150,5511.751648,0,0
3.477522,150,5530.331391,3.47752241309702,3.47752241309702
0,150,5532.720834,0,0
9.737113,150,5535.074633,9.737113232031746,9.737113232031746
0,150,5537.436751,0,0
0,150,5539.805776,0,0
0,150,5542.177262,0,0
8.8909,150,5544.562968,8.890899764869609,8.890899764869609
0,150,5546.922638,0,0
0,150,5549.294271,0,0
2.717505,150,5551.696815,2.7175053539287553,2.7175053539287553
13.690485,150,5554.054017,13.690484712146219,13.690484712146219
0,150,5556.396707,0,0
0,150,5558.755105,0,0
11.667413,150,5561.113728,11.667412823483227,11.667412823483227
0.043797,150,5577.529807,0.04379709707531265,0.04379709707531265
0,150,5579.878816,0,0
0.469629,150,5582.252999,0.4696289671345888,0.4696289671345888
0,150,5584.623738,0,0
0,150,5586.973145,0,0
0,150,5589.333562,0,0
0,150,5591.689125,0,0
8.571811,150,5594.030809,8.571811368694963,8.571811368694963
8.512052,150,5596.384566,8.512052235219883,8.512052235219883
0,150,5598.772751,0,0
0,150,5601.157764,0,0
0,150,5603.50691,0,0
0,150,5605.866079,0,0
0,150,5608.248919,0,0
0,150,5624.651682,0,0
5.070099,150,5627.009335,5.07009856521161,5.07009856521161
4.591191,150,5629.378733,4.591191061448875,4.591191061448875
0,150,5631.748848,0,0
0,150,5634.131796,0,0
15.237964,150,5636.492538,15.237964276747356,15.237964276747356
0,150,5638.840929,0,0
0,150,5641.201539,0,0
0,150,5643.541858,0,0
0,150,5645.889833,0,0
0,150,5648.245186,0,0
0,150,5650.601813,0,0
0.525308,150,5652.93438,0.5253078783449692,0.5253078783449692
0,150,5671.541935,0,0
1.120596,150,5673.893622,1.120596225266814,1.120596225266814
0,150,5676.230847,0,0
0,150,5678.599948,0,0
0,150,5680.963521,0,0
0,150,5683.321892,0,0
0,150,5685.677875,0,0
2.15775,150,5688.066873,2.157749997307148,2.157749997307148
0.214246,150,5690.432439,0.21424645322372493,0.21424645322372493
0,150,5692.807102,0,0
0,150,5695.184274,0,0
5.504973,150,5697.575906,5.50497274823763,5.50497274823763
10.873908,150,5699.950241,10.87390775462579,10.87390775462579
0.800898,150,5702.323768,0.8008980050502817,0.8008980050502817
0,150,5718.750669,0,0
0,150,5721.113263,0,0
0,150,5723.464392,0,0
1.738113,150,5725.80675,1.738112849334464,1.738112849334464
0,150,5728.166579,0,0
0,150,5730.526013,0,0
7.46809,150,5732.905641,7.468090497952525,7.468090497952525
0,150,5735.258137,0,0
0,150,5737.629344,0,0
0,150,5739.986815,0,0
0.699102,150,5742.36588,0.6991019858664034,0.6991019858664034
0,150,5744.750507,0,0
0,150,5747.135724,0,0
1.439032,150,5749.5271,1.439032265006944,1.439032265006944
0.012143,150,5765.798568,0.012143242998637338,0.012143242998637338
0,150,5768.116568,0,0
0,150,5770.435042,0,0
0,150,5772.789887,0,0
0,150,5775.139766,0,0
7.839588,150,5777.501826,7.839587697919377,7.839587697919377
0,150,5779.871335,0,0
4.554232,150,5782.206748,4.5542323036336585,4.5542323036336585
0,150,5784.564735,0,0
0,150,5786.929272,0,0
14.652108,150,5789.27805,14.652107557072293,14.652107557072293
8.161014,150,5791.623741,8.161014122826245,8.161014122826245
0,150,5793.983753,0,0
0,150,5810.38971,0,0
13.312982,150,5812.767643,13.312981641779421,13.312981641779421
6.044393,150,5815.140532,6.044393201007205,6.044393201007205
0,150,5817.515125,0,0
0,150,5819.859506,0,0
0,150,5822.253751,0,0
0,150,5824.635825,0,0
0,150,5826.99035,0,0
0,150,5829.358743,0,0
0,150,5831.730818,0,0
0.12637,150,5834.10505,0.1263695101326786,0.1263695101326786
0,150,5836.494893,0,0
0,150,5838.87828,0,0
0,150,5841.242178,0,0
0,150,5857.611244,0,0
4.526096,150,5859.981958,4.5260963063177915,4.5260963063177915
0,150,5862.394747,0,0
2.378273,150,5864.778397,2.378272662559523,2.378272662559523
0,150,5867.176017,0,0
13.049938,150,5869.552916,13.049937814212964,13.049937814212964
0.825346,150,5871.917941,0.8253460270924914,0.8253460270924914
9.267097,150,5874.281396,9.267096759644428,9.267096759644428
0,150,5876.648497,0,0
0,150,5878.99539,0,0
0,150,5881.349948,0,0
0.454084,150,5883.707374,0.45408385794189166,0.45408385794189166
0,150,5886.06637,0,0
0,150,5902.42686,0,0
0,150,5904.789306,0,0
0,150,5907.140823,0,0
5.59107,150,5909.524564,5.5910703505758566,5.5910703505758566
0,150,5911.890056,0,0
0,150,5914.262801,0,0
0,150,5916.643105,0,0
0,150,5918.992346,0,0
0,150,5921.357482,0,0
0,150,5923.721645,0,0
0,150,5926.078815,0,0
0,150,5928.459662,0,0
0,150,5930.825944,0,0
4.758571,150,5933.198267,4.758571467292784,4.758571467292784
0,150,5951.151421,0,0
0,150,5953.493111,0,0
0,150,5955.84497,0,0
0,150,5958.176564,0,0
0,150,5960.532031,0,0
0,150,5962.884388,0,0
0,150,5965.256623,0,0
0,150,5967.630951,0,0
0,150,5969.980716,0,0
0,150,5972.330499,0,0
0,150,5974.691166,0,0
0,150,5977.055756,0,0
0,150,5979.432051,0,0
0,150,5981.80966,0,0
0.313714,150,5998.198577,0.31371379297394564,0.31371379297394564
0,150,6000.576379,0,0
0,150,6002.929049,0,0
0,150,6005.305621,0,0
2.433285,150,6007.696487,2.433284838281708,2.433284838281708
0,150,6010.063514,0,0
0,150,6012.437086,0,0
0,150,6014.789583,0,0
0,150,6017.147033,0,0
0,150,6019.490182,0,0
3.008092,150,6021.835248,3.008091868686278,3.008091868686278
0,150,6024.178826,0,0
0.342323,150,6026.549499,0.34232308034844683,0.34232308034844683
0,150,6042.896521,0,0
1.190044,150,6045.26207,1.1900440170255568,1.1900440170255568
0,150,6047.626745,0,0
0,150,6050.000121,0,0
0,150,6052.336841,0,0
0,150,6054.704423,0,0
0,150,6057.085701,0,0
0,150,6059.453135,0,0
15.187376,150,6061.827237,15.18737593743384,15.18737593743384
0,150,6064.202925,0,0
3.564201,150,6066.531567,3.5642010995993414,3.5642010995993414
0,150,6068.883791,0,0
11.214766,150,6071.23117,11.21476604610552,11.21476604610552
1.284849,150,6073.617598,1.2848493845796214,1.2848493845796214
0,150,6089.92422,0,0
0,150,6092.303185,0,0
3.573328,150,6094.672508,3.5733276491457295,3.5733276491457295
0,150,6097.04871,0,0
0,150,6099.415596,0,0
0,150,6101.780193,0,0
0,150,6104.136654,0,0
0,150,6106.498438,0,0
0,150,6108.87225,0,0
0,150,6111.237061,0,0
0,150,6113.615536,0,0
0,150,6115.982642,0,0
0,150,6118.362102,0,0
1.701974,150,6120.736086,1.7019737504721029,1.7019737504721029
0,150,6137.085698,0,0
0,150,6139.433224,0,0
0,150,6141.802001,0,0
0,150,6144.188103,0,0
0,150,6146.567671,0,0
0,150,6148.930518,0,0
0,150,6151.290764,0,0
2.348341,150,6153.641022,2.3483408036360873,2.3483408036360873
0,150,6156.000417,0,0
10.78405,150,6158.347012,10.784049931347823,10.784049931347823
0,150,6160.694687,0,0
0,150,6163.060202,0,0
1.820834,150,6165.465106,1.8208341120723055,1.8208341120723055
0,150,6181.896378,0,0
0,150,6184.249252,0,0
0,150,6186.577656,0,0
0,150,6188.911005,0,0
17.102305,150,6191.272221,17.10230535091269,17.10230535091269
0,150,6193.659137,0,0
0.740015,150,6196.009063,0.7400154047496433,0.7400154047496433
0,150,6198.355374,0,0
17.66518,150,6200.717546,17.66518045689193,17.66518045689193
0,150,6203.104929,0,0
0,150,6205.459446,0,0
0,150,6207.806035,0,0
0,150,6210.174756,0,0
0,150,6212.543048,0,0
0,150,6228.839416,0,0
0,150,6231.179895,0,0
0,150,6233.553396,0,0
0,150,6235.934396,0,0
0,150,6238.299873,0,0
0,150,6240.668684,0,0
0,150,6243.006085,0,0
10.216896,150,6245.342824,10.216896097276788,10.216896097276788
0,150,6247.672374,0,0
16.247119,150,6250.031129,16.247119482704115,16.247119482704115
0,150,6252.402695,0,0
8.015943,150,6254.764222,8.01594261206286,8.01594261206286
7.222396,150,6257.136803,7.222396286653432,7.222396286653432
0,150,6259.519607,0,0
0,150,6278.186777,0,0
0.750134,150,6280.523679,0.750134148601497,0.750134148601497
11.102989,150,6282.856771,11.102989041193457,11.102989041193457
0.651326,150,6285.218343,0.6513263797020266,0.6513263797020266
0,150,6287.573879,0,0
0,150,6289.940103,0,0
0,150,6292.328734,0,0
0,150,6294.712456,0,0
0,150,6297.072711,0,0
0,150,6299.419865,0,0
0,150,6301.791366,0,0
0,150,6304.147172,0,0
0,150,6306.497187,0,0
0,150,6322.799382,0,0
4.180748,150,6325.152608,4.18074849947721,4.18074849947721
0,150,6327.483624,0,0
0,150,6329.836062,0,0
0,150,6332.170168,0,0
0,150,6334.519345,0,0
0,150,6336.898571,0,0
9.056343,150,6339.275298,9.056343021143237,9.056343021143237
1.609012,150,6341.630366,1.609011795828867,1.609011795828867
0.473404,150,6343.982515,0.47340427937074125,0.47340427937074125
0,150,6346.350167,0,0
0.01831,150,6348.688879,0.018309681422201685,0.018309681422201685
0,150,6351.067231,0,0
7.914351,150,6353.535819,7.9143507424616155,7.9143507424616155
0,150,6369.943394,0,0
0,150,6372.278776,0,0
0,150,6374.61736,0,0
0,150,6376.982765,0,0
0,150,6379.358846,0,0
4.423691,150,6381.732524,4.423690635778467,4.423690635778467
0,150,6384.102153,0,0
0,150,6386.464979,0,0
6.851674,150,6388.848078,6.851673932459509,6.851673932459509
12.318097,150,6391.193209,12.318097035413988,12.318097035413988
0,150,6393.567965,0,0
2.598242,150,6395.911865,2.598241586116103,2.598241586116103
0,150,6398.25165,0,0
0,150,6400.601367,0,0
0,150,6416.950497,0,0
0,150,6419.340212,0,0
0,150,6421.729888,0,0
8.534294,150,6424.095223,8.53429367954666,8.53429367954666
0,150,6426.47347,0,0
0,150,6428.815019,0,0
0,150,6431.166321,0,0
1.404989,150,6433.551332,1.4049886757430465,1.4049886757430465
0,150,6435.928845,0,0
0,150,6438.296633,0,0
0,150,6440.684051,0,0
0.491313,150,6443.055358,0.49131287466470563,0.49131287466470563
0,150,6445.429968,0,0
0,150,6461.799643,0,0
6.732232,150,6464.190537,6.73223229385098,6.73223229385098
0,150,6466.56785,0,0
0,150,6468.938071,0,0
0,150,6471.314222,0,0
0,150,6473.695556,0,0
0,150,6476.058211,0,0
0,150,6478.434069,0,0
5.169171,150,6480.776756,5.169170588926077,5.169170588926077
0,150,6483.141029,0,0
0,150,6485.504097,0,0
0,150,6487.871502,0,0
1.217965,150,6490.219943,1.2179648487325658,1.2179648487325658
0,150,6492.572937,0,0
0,150,6508.929611,0,0
6.501345,150,6511.322105,6.501344511121589,6.501344511121589
0,150,6513.713107,0,0
0,150,6516.091174,0,0
6.945339,150,6518.445817,6.945338967209773,6.945338967209773
0,150,6520.830631,0,0
0,150,6523.175015,0,0
0,150,6525.542367,0,0
0,150,6527.909568,0,0
0,150,6530.270706,0,0
0,150,6532.617091,0,0
5.725335,150,6534.981113,5.725334667463909,5.725334667463909
0,150,6537.35584,0,0
0,150,6539.686894,0,0
